{"../contrastive_approach/romance_object_word_order/data/x_obj_y_xverb_7250_nomisc_no_catalan.conllu": {"accuracy": 0.9781838393663587, "balanced_accuracy": 0.9692267438294402, "precision_macro": 0.938091819971228, "recall_macro": 0.9692267438294402, "f1_macro": 0.9528832588748618, "f1_gain": 0.4871247495396478, "maj_f1_macro_baseline": 0.465758509335214, "precision_minority": 0.8825587206396801, "recall_minority": 0.9571815718157182, "majority_class_baseline": 0.8718126867227124, "max_precision": 0.98429717898073, "max_pos_precision": 0.9895072603072966, "max_neg_precision": 0.9488629781754406, "rule_zero_max_precision": 0.776489348015924, "pos_base_precision": 0.8718126867227124, "neg_base_precision": 0.1281873132772876, "global_coverage": 0.9793302299729035, "not_covered_total": 595, "not_covered_pos": 575, "not_covered_neg": 20, "redundancy": 8.196696119861699, "rules_missed": 0}, "../contrastive_approach/romance_object_word_order/data/x_obj_y_xverb_7250_nomisc_no_catalan.conllu_test": {"accuracy": 0.9756843129081562, "balanced_accuracy": 0.9657247696472846, "precision_macro": 0.9315926719550895, "recall_macro": 0.9657247696472846, "f1_macro": 0.9477116664002032, "f1_gain": 0.481970444516156, "maj_f1_macro_baseline": 0.4657412218840472, "precision_minority": 0.8702970297029703, "recall_minority": 0.952329360780065, "majority_class_baseline": 0.8717521189384466, "max_precision": 0.9847781650170839, "max_pos_precision": 0.9893003282570644, "max_neg_precision": 0.9540392135895244, "rule_zero_max_precision": 0.77639927587045, "pos_base_precision": 0.8717521189384466, "neg_base_precision": 0.12824788106155338, "global_coverage": 0.9808253438932889, "not_covered_total": 138, "not_covered_pos": 134, "not_covered_neg": 4, "redundancy": 8.21792545023035, "rules_missed": 0}}