{"../contrastive_approach/data/xupos_xy_20900_42rs_nomisc_no_catalan.conllu": {"accuracy": 0.9380737234652897, "balanced_accuracy": 0.9383445950598035, "precision_macro": 0.9356965006211022, "recall_macro": 0.9383445950598035, "f1_macro": 0.9369028400369102, "f1_gain": 0.5724012411124813, "maj_f1_macro_baseline": 0.36450159892442896, "precision_minority": 0.9167258813883574, "recall_minority": 0.9401855537180817, "majority_class_baseline": 0.5735680818512143, "max_precision": 0.944985587775886, "max_pos_precision": 0.9357093797823093, "max_neg_precision": 0.9518821904513364, "rule_zero_max_precision": 0.5108245253345339, "pos_base_precision": 0.4264319181487856, "neg_base_precision": 0.5735680818512143, "global_coverage": 0.9968923312296806, "not_covered_total": 260, "not_covered_pos": 225, "not_covered_neg": 35, "redundancy": 12.736694878783531, "rules_missed": 0}, "../contrastive_approach/data/xupos_xy_20900_42rs_nomisc_no_catalan.conllu_test": {"accuracy": 0.937990055459935, "balanced_accuracy": 0.9382211429076577, "precision_macro": 0.9356291186930166, "recall_macro": 0.9382211429076577, "f1_macro": 0.9368127631060736, "f1_gain": 0.5723063370738067, "maj_f1_macro_baseline": 0.3645064260322669, "precision_minority": 0.9168672063005907, "recall_minority": 0.9397914564413051, "majority_class_baseline": 0.5735800344234079, "max_precision": 0.9454956699829807, "max_pos_precision": 0.9354999835379267, "max_neg_precision": 0.9529268217212019, "rule_zero_max_precision": 0.5108280429314997, "pos_base_precision": 0.42641996557659206, "neg_base_precision": 0.5735800344234079, "global_coverage": 0.9977529164276152, "not_covered_total": 47, "not_covered_pos": 38, "not_covered_neg": 9, "redundancy": 12.733910299321028, "rules_missed": 0}}