{"data_len": 6369, "n_yes": 6044, "intercepts": [[0.1, 2.921609591741973], [0.099, 2.92160959174212], [0.098, 2.9216095917419733], [0.097, 2.921609591741971], [0.096, 2.9216095917419582], [0.095, 2.9216095917419738], [0.094, 2.9216095917419684], [0.093, 2.9216095917419675], [0.092, 2.92160959174212], [0.091, 2.921609591741913], [0.09000000000000001, 2.921609591741911], [0.08900000000000001, 2.9216095917419764], [0.08800000000000001, 2.921609591741967], [0.08700000000000001, 2.9216095917419627], [0.08600000000000001, 2.9216095917419684], [0.085, 2.9216095917419587], [0.084, 2.9216095917419675], [0.083, 2.9216095917419582], [0.082, 2.9216095917419582], [0.081, 2.9216095917419653], [0.08, 2.92160959174197], [0.079, 2.9216095917419684], [0.07800000000000001, 2.921609591741958], [0.07700000000000001, 2.921609591741968], [0.07600000000000001, 2.9216095917419453], [0.07500000000000001, 2.921609591741962], [0.07400000000000001, 2.9216095917419613], [0.07300000000000001, 2.92160959174196], [0.07200000000000001, 2.9216095917419382], [0.07100000000000001, 2.921609591741956], [0.07, 2.9216095917419374], [0.069, 2.9216095917419374], [0.068, 2.921609591741933], [0.067, 2.921609591741946], [0.066, 2.921609591741922], [0.065, 2.9216095917419245], [0.064, 2.9216095917419445], [0.063, 2.9216095917419436], [0.062000000000000006, 2.9216095917419316], [0.061000000000000006, 2.921609591741936], [0.060000000000000005, 2.9216095917419143], [0.059000000000000004, 2.9216095917419356], [0.058, 2.9216095917419747], [0.057, 2.9216095917419334], [0.05600000000000001, 2.9216095917419707], [0.05500000000000001, 2.9216095917419738], [0.054000000000000006, 2.9216095917419262], [0.053000000000000005, 2.9216095917419675], [0.052000000000000005, 2.921609591741974], [0.051000000000000004, 2.921609591741969], [0.05, 2.921609591741933], [0.049, 2.9216095917419738], [0.048, 2.9216095917419733], [0.04700000000000001, 2.9216095917419693], [0.046000000000000006, 2.9216095917419342], [0.045000000000000005, 2.921609591741939], [0.044000000000000004, 2.921609591742119], [0.043000000000000003, 2.9216095917419347], [0.042, 2.92160959174212], [0.041, 2.9214770359333584], [0.04000000000000001, 2.921461792746497], [0.03900000000000001, 2.9214455342315118], [0.038000000000000006, 2.9214283653686834], [0.037000000000000005, 2.9214102764238055], [0.036000000000000004, 2.921391257702477], [0.035, 2.9213712996072285], [0.034, 2.9213510031599874], [0.033, 2.9213300520637837], [0.032, 2.946597234748967], [0.031, 2.968259801214561], [0.03, 2.9941870285671572], [0.028999999999999998, 3.0187703531940175], [0.027999999999999997, 3.0439135241482917], [0.02700000000000001, 3.0696429170442077], [0.02600000000000001, 3.095990681276801], [0.02500000000000001, 3.1229848016674135], [0.024000000000000007, 3.150659634728712], [0.023000000000000007, 3.1790494266848963], [0.022000000000000006, 3.2081711306330014], [0.021000000000000005, 3.238096541026012], [0.020000000000000004, 3.2684068746553225], [0.019000000000000003, 3.2790140634771006], [0.018000000000000002, 3.27823106061045], [0.017, 3.2783745845776333], [0.016, 3.27767524425479], [0.015, 3.284373679602354], [0.013999999999999999, 3.2940039435583466], [0.012999999999999998, 3.3033750555765744], [0.01200000000000001, 3.3110320248887737], [0.01100000000000001, 3.3249767246709916], [0.010000000000000009, 3.335319844425022], [0.009000000000000008, 3.3487640169598913], [0.008000000000000007, 3.3589907542379014], [0.007000000000000006, 3.371964072532476], [0.006000000000000005, 3.4085856899528175], [0.0050000000000000044, 3.317044158407471], [0.0040000000000000036, 3.221509991981891], [0.0030000000000000027, 3.2051626941740663], [0.0020000000000000018, 3.236434555554806], [0.001, 3.5458857251111278]], "rules": [{"pattern": "node:Y:own:upos=NOUN", "n_pattern_occurence": 601, "n_pattern_positive_occurence": 360, "decision": "no", "alpha": 0.032, "value": -0.22801553020701704, "coverage": 74.15384615384616, "precision": 40.099833610648915, "delta": -210.33192023865604, "g-statistic": 662.3965184960422, "p-value": 0.0, "cramers_phi": 1.0498367819390861}, {"pattern": "node:Y:own:rel_shallow=det", "n_pattern_occurence": 3741, "n_pattern_positive_occurence": 3730, "decision": "yes", "alpha": 0.019000000000000003, "value": 0.027789609578102503, "coverage": 61.714096624751825, "precision": 99.70596097300188, "delta": 179.89731512011303, "g-statistic": 305.9760326454635, "p-value": 0.0, "cramers_phi": 0.2859893432913188}, {"pattern": "node:Y:own:rel_shallow=det,node:Y:own:upos=DET", "n_pattern_occurence": 3741, "n_pattern_positive_occurence": 3730, "decision": "yes", "alpha": 0.019000000000000003, "value": 0.0026768194813815427, "coverage": 61.714096624751825, "precision": 99.70596097300188, "delta": 179.89731512011303, "g-statistic": 305.9760326454635, "p-value": 0.0, "cramers_phi": 0.2859893432913188}, {"pattern": "node:X:own:rel_shallow=comp:aux", "n_pattern_occurence": 378, "n_pattern_positive_occurence": 221, "decision": "no", "alpha": 0.015, "value": -0.033372922454680154, "coverage": 48.30769230769231, "precision": 41.53439153439153, "delta": -137.71125765426285, "g-statistic": 444.28645215147935, "p-value": 0.0, "cramers_phi": 1.0841406663933066}, {"pattern": "node:Y:own:upos=DET", "n_pattern_occurence": 3743, "n_pattern_positive_occurence": 3732, "decision": "yes", "alpha": 0.015, "value": 0.033627129742641704, "coverage": 61.74718729318332, "precision": 99.7061180870959, "delta": 179.99937195792108, "g-statistic": 306.17376261864445, "p-value": 0.0, "cramers_phi": 0.2860052940377936}, {"pattern": "node:X:own:rel_shallow=comp:aux,node:X:own:rel_deep=tense", "n_pattern_occurence": 361, "n_pattern_positive_occurence": 206, "decision": "no", "alpha": 0.015, "value": -0.016232039199756798, "coverage": 47.69230769230769, "precision": 42.93628808864266, "delta": -136.57874077563196, "g-statistic": 450.72146587807737, "p-value": 0.0, "cramers_phi": 1.1173790388940412}, {"pattern": "node:X:own:rel_deep=tense", "n_pattern_occurence": 361, "n_pattern_positive_occurence": 206, "decision": "no", "alpha": 0.01200000000000001, "value": -0.156753050296218, "coverage": 47.69230769230769, "precision": 42.93628808864266, "delta": -136.57874077563196, "g-statistic": 450.72146587807737, "p-value": 0.0, "cramers_phi": 1.1173790388940412}, {"pattern": "node:Y:own:upos=NOUN,node:X:own:upos=NOUN", "n_pattern_occurence": 278, "n_pattern_positive_occurence": 166, "decision": "no", "alpha": 0.006000000000000005, "value": -0.15866892666068522, "coverage": 34.46153846153846, "precision": 40.28776978417266, "delta": -97.81409954466949, "g-statistic": 309.0387826907441, "p-value": 0.0, "cramers_phi": 1.0543482809056597}, {"pattern": "node:Y:own:rel_shallow=conj:coord", "n_pattern_occurence": 288, "n_pattern_positive_occurence": 195, "decision": "no", "alpha": 0.0050000000000000044, "value": -0.08101614970441051, "coverage": 28.615384615384613, "precision": 32.29166666666667, "delta": -78.30381535562884, "g-statistic": 211.51420118551158, "p-value": 0.0, "cramers_phi": 0.8569855947867007}, {"pattern": "node:Y:own:rel_shallow=mod,node:Y:own:upos=ADJ", "n_pattern_occurence": 1383, "n_pattern_positive_occurence": 1376, "decision": "yes", "alpha": 0.0050000000000000044, "value": 0.22730712222752714, "coverage": 22.766379880873593, "precision": 99.4938539407086, "delta": 63.572303344324155, "g-statistic": 97.82523059364807, "p-value": 0.0, "cramers_phi": 0.2659587910191218}, {"pattern": "node:Y:own:rel_shallow=mod", "n_pattern_occurence": 1530, "n_pattern_positive_occurence": 1507, "decision": "yes", "alpha": 0.0040000000000000036, "value": 0.001275963247242995, "coverage": 24.933818663136993, "precision": 98.4967320261438, "delta": 55.07348092322195, "g-statistic": 55.99086161419019, "p-value": 7.283063041541027e-14, "cramers_phi": 0.19129907053710324}, {"pattern": "node:Y:own:rel_shallow=det,node:X:own:upos=NOUN", "n_pattern_occurence": 3466, "n_pattern_positive_occurence": 3458, "decision": "yes",