{"data_len": 28724, "n_yes": 28533, "intercepts": [[0.1, 5.004229333265005], [0.099, 5.004229333265028], [0.098, 5.004229333265013], [0.097, 5.004229333265019], [0.096, 5.004229333265042], [0.095, 5.004229333265051], [0.094, 5.0042293332650285], [0.093, 5.004229333265027], [0.092, 5.004229333265028], [0.091, 5.004229333265038], [0.09000000000000001, 5.00422933326505], [0.08900000000000001, 5.004229333265042], [0.08800000000000001, 5.004229333265032], [0.08700000000000001, 5.004229333265025], [0.08600000000000001, 5.0042293332650285], [0.085, 5.004229333265039], [0.084, 5.004229333265021], [0.083, 5.004229333265028], [0.082, 5.004229333265044], [0.081, 5.004229333265024], [0.08, 5.004229333265039], [0.079, 5.004229333265015], [0.07800000000000001, 5.004229333265028], [0.07700000000000001, 5.004229333265035], [0.07600000000000001, 5.0042293332650285], [0.07500000000000001, 5.004229333265048], [0.07400000000000001, 5.004229333265026], [0.07300000000000001, 5.00422933326505], [0.07200000000000001, 5.004229333265041], [0.07100000000000001, 5.0042293332650525], [0.07, 5.004229333265037], [0.069, 5.00422933326505], [0.068, 5.004229333265039], [0.067, 5.00422933326503], [0.066, 5.004229333265015], [0.065, 5.004229333265004], [0.064, 5.00422933326503], [0.063, 5.004229333265027], [0.062000000000000006, 5.00422933326506], [0.061000000000000006, 5.00422933326504], [0.060000000000000005, 5.004229333265039], [0.059000000000000004, 5.004229333265055], [0.058, 5.004229333265005], [0.057, 5.004229333265024], [0.05600000000000001, 5.00422933326505], [0.05500000000000001, 5.004229333265028], [0.054000000000000006, 5.004229333265028], [0.053000000000000005, 5.004229333264983], [0.052000000000000005, 5.004229333265009], [0.051000000000000004, 5.004229333264971], [0.05, 5.004229333265031], [0.049, 5.004229333265016], [0.048, 5.004229333265051], [0.04700000000000001, 5.004229333265013], [0.046000000000000006, 5.004229333265019], [0.045000000000000005, 5.004229333265016], [0.044000000000000004, 5.00422933326501], [0.043000000000000003, 5.004229333265008], [0.042, 5.004229333265019], [0.041, 5.0042293332650525], [0.04000000000000001, 5.004229333265027], [0.03900000000000001, 5.004229333265029], [0.038000000000000006, 5.00422933326504], [0.037000000000000005, 5.004229333265034], [0.036000000000000004, 5.004229333265032], [0.035, 5.004229333265037], [0.034, 5.004229333265035], [0.033, 5.004229333265026], [0.032, 5.004229333265031], [0.031, 5.004229333265041], [0.03, 5.004229333265034], [0.028999999999999998, 5.004229333265031], [0.027999999999999997, 5.004229333265008], [0.02700000000000001, 5.00422933326504], [0.02600000000000001, 5.004229333265037], [0.02500000000000001, 5.004229333265034], [0.024000000000000007, 5.004229333265048], [0.023000000000000007, 5.004229333265032], [0.022000000000000006, 5.004229333265031], [0.021000000000000005, 5.004229333265028], [0.020000000000000004, 5.004229333265052], [0.019000000000000003, 5.004229333264987], [0.018000000000000002, 5.004226978552226], [0.017, 5.004218209841223], [0.016, 5.004200512082891], [0.015, 5.003538770215206], [0.013999999999999999, 5.003492099437718], [0.012999999999999998, 5.003458249752506], [0.01200000000000001, 5.003420502062299], [0.01100000000000001, 5.003392630889729], [0.010000000000000009, 5.003371814110312], [0.009000000000000008, 5.003344855344407], [0.008000000000000007, 5.00334604326341], [0.007000000000000006, 5.003418207813642], [0.006000000000000005, 5.002990074694039], [0.0050000000000000044, 5.002972419189948], [0.0040000000000000036, 5.002319990526894], [0.0030000000000000027, 5.002433696915451], [0.0020000000000000018, 4.930969241008945], [0.001, 5.070212704456054]], "rules": [{"pattern": "node:X:child:PronType=Prs", "n_pattern_occurence": 3346, "n_pattern_positive_occurence": 3257, "decision": "no", "alpha": 0.0020000000000000018, "value": -0.41511774728022477, "coverage": 46.596858638743456, "precision": 2.6598924088463836, "delta": -66.75080072413311, "g-statistic": 114.61482065265395, "p-value": 0.0, "cramers_phi": 0.18507911803348961}, {"pattern": "node:Y:child:PronType=Art", "n_pattern_occurence": 15038, "n_pattern_positive_occurence": 15007, "decision": "yes", "alpha": 0.0020000000000000018, "value": 0.24259728236477462, "coverage": 52.595240598605116, "precision": 99.79385556589972, "delta": 68.99505639882955, "g-statistic": 65.69801515174576, "p-value": 5.551115123125783e-16, "cramers_phi": 0.06609689894382144}, {"pattern": "node:X:parent:position=before", "n_pattern_occurence": 18516, "n_pattern_positive_occurence": 18431, "decision": "yes", "alpha": 0.001, "value": 0.08998862781291783, "coverage": 64.59538078715873, "precision": 99.54093756750918, "delta": 38.121988580976904, "g-statistic": 13.333790787057215, "p-value": 0.0002606660356652135, "cramers_phi": 0.026835100878886558}, {"pattern": "node:Y:own:Definite=Ind", "n_pattern_occurence": 2577, "n_pattern_positive_occurence": 2507, "decision": "no", "alpha": 0.001, "value": -0.41350215336759333, "coverage": 36.64921465968586, "precision": 2.716336825766395, "delta": -52.864259852388386, "g-statistic": 92.39682908768614, "p-value": 0.0, "cramers_phi": 0.18935262246285575}, {"pattern": "node:X:child:rel_shallow=expl", "n_pattern_occurence": 251, "n_pattern_positive_occurence": 198, "decision": "no", "alpha": 0.001, "value": -1.6453399524482626, "coverage": 27.748691099476442, "precision": 21.115537848605577, "delta": -51.330977579724276, "g-statistic": 275.27007927243164, "p-value": 0.0, "cramers_phi": 1.0472313702893237}, {"pattern": "node:X:child:Number=Sing", "n_pattern_occurence": 13709, "n_pattern_positive_occurence": 13570, "decision": "no", "alpha": 0.001, "value": -0.10714351281884443, "coverage": 72.77486910994764, "precision": 1.0139324531329783, "delta": -47.84211808940199, "g-statistic": 21.766947588011835, "p-value": 3.0785829497892436e-06, "cramers_phi": 0.03984702273085074}, {"pattern": "node:X:child:Case=Acc", "n_pattern_occurence": 1100, "n_pattern_positive_occurence": 1036, "decision": "no", "alpha": 0.001, "value": -0.7674843281213989, "coverage": 33.50785340314136, "precision": 5.818181818181818, "delta": -56.68555911432941, "g-statistic": 167.2579460743414, "p-value": 0.0, "cramers_phi": 0.3899393263693741}]}