{
    "../../../../data/single_corpus_data/SUD_French-GSD-r2.5_full": {
        "accuracy": 0.978240302743614,
        "balanced_accuracy": 0.6697138945472796,
        "precision_macro": 0.8815310270449643,
        "recall_macro": 0.6697138945472796,
        "f1_macro": 0.732539926514719,
        "f1_gain": 0.23987040910482282,
        "maj_f1_macro_baseline": 0.4926695174098962,
        "precision_minority": 0.782312925170068,
        "recall_minority": 0.34226190476190477,
        "majority_class_baseline": 0.971101745936183,
        "amp": 0.9698574591112447,
        "pos_amp": 0.19326935744839618,
        "neg_amp": 0.9929673344242121,
        "rule_zero_amp": 0.9438737100482399,
        "pos_base_precision": 0.028898254063816978,
        "neg_base_precision": 0.971101745936183,
        "global_coverage": 0.9961296981164531,
        "not_covered_total": 45,
        "not_covered_pos": 13,
        "not_covered_neg": 32,
        "redundancy": 14.893609701556722,
        "rules_missed": 0
    },
    "../../../../data/single_corpus_data/SUD_French-GSD-r2.5": {
        "accuracy": 0.9791420277389528,
        "balanced_accuracy": 0.6772761284948025,
        "precision_macro": 0.9008378562494417,
        "recall_macro": 0.6772761284948025,
        "f1_macro": 0.743379674191794,
        "f1_gain": 0.25071617121901263,
        "maj_f1_macro_baseline": 0.49266350297278133,
        "precision_minority": 0.8205128205128205,
        "recall_minority": 0.35687732342007433,
        "majority_class_baseline": 0.9710783786689603,
        "amp": 0.9710726501682517,
        "pos_amp": 0.21755012406222493,
        "neg_amp": 0.9935148068912946,
        "rule_zero_amp": 0.9438296776987526,
        "pos_base_precision": 0.028921621331039673,
        "neg_base_precision": 0.9710783786689603,
        "global_coverage": 0.9979572089022686,
        "not_covered_total": 19,
        "not_covered_pos": 9,
        "not_covered_neg": 10,
        "redundancy": 15.8932372863133,
        "rules_missed": 0
    },
    "../../../../data/single_corpus_data/SUD_French-GSD-r2.5_test": {
        "accuracy": 0.9789337919174549,
        "balanced_accuracy": 0.6922591557484821,
        "precision_macro": 0.8734087875988091,
        "recall_macro": 0.6922591557484821,
        "f1_macro": 0.752042310361557,
        "f1_gain": 0.2593487443855483,
        "maj_f1_macro_baseline": 0.4926935659760087,
        "precision_minority": 0.7647058823529411,
        "recall_minority": 0.3880597014925373,
        "majority_class_baseline": 0.971195184866724,
        "amp": 0.9721088451367538,
        "pos_amp": 0.2440529677008325,
        "neg_amp": 0.9937023572165268,
        "rule_zero_amp": 0.9440498044831728,
        "pos_base_precision": 0.02880481513327601,
        "neg_base_precision": 0.971195184866724,
        "global_coverage": 0.9974204643164231,
        "not_covered_total": 6,
        "not_covered_pos": 3,
        "not_covered_neg": 3,
        "redundancy": 16.055460017196904,
        "rules_missed": 0
    }
}