{
    "../data/sud-treebanks-v2.15/SUD_French-GSD/preprocessed_data/": {
        "f1_macro": 0.8156315392082839,
        "f1_gain": 0.3234526039426351,
        "precision_minority": 0.9142857142857143,
        "recall_minority": 0.49230769230769234,
        "max_precision": 0.9754556288077164,
        "global_coverage": 0.9945766638584668,
        "rules_missed": 0
    },
    "../data/sud-treebanks-v2.15/SUD_French-GSD/preprocessed_data/_test": {
        "f1_macro": 0.7529366679011704,
        "f1_gain": 0.26074248483872386,
        "precision_minority": 0.8571428571428571,
        "recall_minority": 0.3698630136986301,
        "max_precision": 0.9710355815918712,
        "global_coverage": 0.9968414403032217,
        "rules_missed": 0
    },
    "../data/sud-treebanks-v2.15/SUD_French-ParisStories/preprocessed_data_test": {
        "f1_macro": 0.6517575021868361,
        "f1_gain": 0.1541332120025738,
        "precision_minority": 0.7272727272727273,
        "recall_minority": 0.1951219512195122,
        "max_precision": 0.990678541463489,
        "global_coverage": 0.9889273356401385,
        "rules_missed": 10
    },
    "../data/sud-treebanks-v2.15/SUD_French-Sequoia/preprocessed_data/_test": {
        "f1_macro": 0.7115277777777778,
        "f1_gain": 0.22160593491475844,
        "precision_minority": 0.5698924731182796,
        "recall_minority": 0.36054421768707484,
        "max_precision": 0.9607166967222861,
        "global_coverage": 0.9900537634408603,
        "rules_missed": 1
    },
    "../data/sud-treebanks-v2.15/SUD_French-Rhapsodie/preprocessed_data_test": {
        "f1_macro": 0.6839003758076682,
        "f1_gain": 0.1917257988894852,
        "precision_minority": 0.66,
        "recall_minority": 0.2682926829268293,
        "max_precision": 0.9670362009967561,
        "global_coverage": 0.983963918817339,
        "rules_missed": 1
    },
    "../data/sud-treebanks-v2.15/SUD_French-FQB/preprocessed_data_test": {
        "accuracy": 0.5547017929015734,
        "balanced_accuracy": 0.6225295224000247,
        "precision_macro": 0.6499557671156106,
        "recall_macro": 0.6225295224000247,
        "f1_macro": 0.5485121331405971,
        "f1_gain": 0.16405267368113763,
        "maj_f1_macro_baseline": 0.3844594594594595,
        "precision_minority": 0.45288603848051306,
        "recall_minority": 0.8947368421052632,
        "majority_class_baseline": 0.6245883644346871,
        "max_precision": 0.7471765104981918,
        "max_pos_precision": 0.840026028622602,
        "max_neg_precision": 0.592698803443252,
        "rule_zero_max_precision": 0.5310445211050209,
        "pos_base_precision": 0.6245883644346871,
        "neg_base_precision": 0.3754116355653129,
        "global_coverage": 0.9860958653494328,
        "not_covered_total": 38,
        "not_covered_pos": 31,
        "not_covered_neg": 7,
        "redundancy": 7.668130259787779,
        "rules_missed": 9
    },
    "../data/sud-treebanks-v2.15/SUD_French-ParTUT/preprocessed_data_test": {
        "f1_macro": 0.5162312219684213,
        "f1_gain": 0.027328632572613643,
        "maj_f1_macro_baseline": 0.48890258939580766,
        "precision_minority": 1.0,
        "recall_minority": 0.027777777777777776,
        "majority_class_baseline": 0.9565741857659831,
        "max_precision": 0.9521947796778178,
        "max_pos_precision": 0.19059344478517704,
        "max_neg_precision": 0.9867693673904723,
        "rule_zero_max_precision": 0.9169199742157411,
        "pos_base_precision": 0.04342581423401689,
        "neg_base_precision": 0.9565741857659831,
        "global_coverage": 0.9891435464414958,
        "not_covered_total": 18,
        "not_covered_pos": 4,
        "not_covered_neg": 14,
        "redundancy": 6.648942598187311,
        "rules_missed": 11
    }
}