{
  "scope": "pattern { V[upos=VERB|AUX]; V-[comp:obj]->O }",
  "conclusion": "V << O",
  "data_len": 3125,
  "n_yes": 2882,
  "intercepts": [
    [
      0.001,
      6.267113446110628
    ]
  ],
  "rules": [
    {
      "pattern": "node:O:own:Number=Sing",
      "n_pattern_occurences": 1445,
      "n_pattern_positive_occurences": 1367,
      "n_pattern_negative_occurrences": 78,
      "decision": "yes",
      "alpha": 0.001,
      "value": 0.6370263006848184,
      "coverage": 47.4323386537127,
      "coverage_q_in_p": 0.9460207612456747,
      "coverage_not_q_in_p": 0.05397923875432526,
      "precision": 94.60207612456747,
      "ratio": 17.525641025641026,
      "delta": 34.363200000000006,
      "g-statistic": 12.660651385416342,
      "p-value": 0.00037343208706464015,
      "cramers_phi": 0.09360393400117187
    },
    {
      "pattern": "node:O:own:PronType=Rel",
      "n_pattern_occurences": 95,
      "n_pattern_positive_occurences": 1,
      "n_pattern_negative_occurrences": 94,
      "decision": "no",
      "alpha": 0.001,
      "value": -1.2894315694948697,
      "coverage": 38.68312757201646,
      "coverage_q_in_p": 0.010526315789473684,
      "coverage_not_q_in_p": 0.9894736842105263,
      "precision": 98.94736842105263,
      "ratio": 94.0,
      "delta": -86.6128,
      "g-statistic": 469.2407955739112,
      "p-value": 0.0,
      "cramers_phi": 2.2224708761904743
    },
    {
      "pattern": "node:O:own:PronType=Prs",
      "n_pattern_occurences": 140,
      "n_pattern_positive_occurences": 1,
      "n_pattern_negative_occurrences": 139,
      "decision": "no",
      "alpha": 0.001,
      "value": -1.8280947014131037,
      "coverage": 57.20164609053497,
      "coverage_q_in_p": 0.007142857142857143,
      "coverage_not_q_in_p": 0.9928571428571429,
      "precision": 99.28571428571429,
      "ratio": 139.0,
      "delta": -128.1136,
      "g-statistic": 698.3333916856761,
      "p-value": 0.0,
      "cramers_phi": 2.23340449871887
    },
    {
      "pattern": "node:O:own:has_child=No",
      "n_pattern_occurences": 402,
      "n_pattern_positive_occurences": 160,
      "n_pattern_negative_occurrences": 242,
      "decision": "no",
      "alpha": 0.001,
      "value": -0.17513453222231556,
      "coverage": 99.58847736625515,
      "coverage_q_in_p": 0.39800995024875624,
      "coverage_not_q_in_p": 0.6019900497512438,
      "precision": 60.19900497512438,
      "ratio": 1.5125,
      "delta": -210.74048,
      "g-statistic": 721.6559419941963,
      "p-value": 0.0,
      "cramers_phi": 1.3398373165468387
    },
    {
      "pattern": "node:O:own:upos=PRON",
      "n_pattern_occurences": 274,
      "n_pattern_positive_occurences": 32,
      "n_pattern_negative_occurrences": 242,
      "decision": "no",
      "alpha": 0.001,
      "value": -1.872837863508184,
      "coverage": 99.58847736625515,
      "coverage_q_in_p": 0.11678832116788321,
      "coverage_not_q_in_p": 0.8832116788321168,
      "precision": 88.32116788321169,
      "ratio": 7.562500000000001,
      "delta": -220.69376,
      "g-statistic": 1043.8375507311598,
      "p-value": 0.0,
      "cramers_phi": 1.9518263492326815
    },
    {
      "pattern": "node:O:own:len=1,node:O:own:has_child=No",
      "n_pattern_occurences": 402,
      "n_pattern_positive_occurences": 160,
      "n_pattern_negative_occurrences": 242,
      "decision": "no",
      "alpha": 0.001,
      "value": -8.326672684688674e-16,
      "coverage": 99.58847736625515,
      "coverage_q_in_p": 0.39800995024875624,
      "coverage_not_q_in_p": 0.6019900497512438,
      "precision": 60.19900497512438,
      "ratio": 1.5125,
      "delta": -210.74048,
      "g-statistic": 721.6559419941963,
      "p-value": 0.0,
      "cramers_phi": 1.3398373165468387
    },
    {
      "pattern": "node:O:own:upos=PRON,node:O:own:len=1",
      "n_pattern_occurences": 252,
      "n_pattern_positive_occurences": 10,
      "n_pattern_negative_occurrences": 242,
      "decision": "no",
      "alpha": 0.001,
      "value": -5.0073398678442,
      "coverage": 99.58847736625515,
      "coverage_q_in_p": 0.03968253968253968,
      "coverage_not_q_in_p": 0.9603174603174603,
      "precision": 96.03174603174604,
      "ratio": 24.200000000000003,
      "delta": -222.40448,
      "g-statistic": 1153.6823064398777,
      "p-value": 0.0,
      "cramers_phi": 2.1396505300245727
    },
    {
      "pattern": "node:O:own:upos=PRON,node:O:own:has_child=No",
      "n_pattern_occurences": 252,
      "n_pattern_positive_occurences": 10,
      "n_pattern_negative_occurrences": 242,
      "decision": "no",
      "alpha": 0.001,
      "value": -0.2320780607978838,
      "coverage": 99.58847736625515,
      "coverage_q_in_p": 0.03968253968253968,
      "coverage_not_q_in_p": 0.9603174603174603,
      "precision": 96.03174603174604,
      "ratio": 24.200000000000003,
      "delta": -222.40448,
      "g-statistic": 1153.6823064398777,
      "p-value": 0.0,
      "cramers_phi": 2.1396505300245727
    },
    {
      "pattern": "node:O:own:upos=PRON,node:O:own:PronType=Rel",
      "n_pattern_occurences": 95,
      "n_pattern_positive_occurences": 1,
      "n_pattern_negative_occurrences": 94,
      "decision": "no",
      "alpha": 0.001,
      "value": -2.4424906541753444e-15,
      "coverage": 38.68312757201646,
      "coverage_q_in_p": 0.010526315789473684,
      "coverage_not_q_in_p": 0.9894736842105263,
      "precision": 98.94736842105263,
      "ratio": 94.0,
      "delta": -86.6128,
      "g-statistic": 469.2407955739112,
      "p-value": 0.0,
      "cramers_phi": 2.2224708761904743
    },
    {
      "pattern": "node:O:own:PronType=Prs,node:O:own:Person=3",
      "n_pattern_occurences": 125,
      "n_pattern_positive_occurences": 0,
      "n_pattern_negative_occurrences": 125,
      "decision": "no",
      "alpha": 0.001,
      "value": -1.2366821424879646,
      "coverage": 51.440329218106996,
      "coverage_q_in_p": 0.0,
      "coverage_not_q_in_p": 1.0,
      "precision": 100.0,
      "ratio": 0,
      "delta": -115.28,
      "g-statistic": 638.5320297074883,
      "p-value": 0.0,
      "cramers_phi": 2.260145180659841
    },
    {
      "pattern": "node:O:own:len=1,node:O:own:PronType=Rel",
      "n_pattern_occurences": 94,
      "n_pattern_positive_occurences": 0,
      "n_pattern_negative_occurrences": 94,
      "decision": "no",
      "alpha": 0.001,
      "value": -0.39067907591539774,
      "coverage": 38.68312757201646,
      "coverage_q_in_p": 0.0,
      "coverage_not_q_in_p": 1.0,
      "precision": 100.0,
      "ratio": 0,
      "delta": -86.69056,
      "g-statistic": 480.17608634003113,
      "p-value": 0.0,
      "cramers_phi": 2.260145180659841
    },
    {
      "pattern": "node:O:own:has_child=No,node:O:own:PronType=Rel",
      "n_pattern_occurences": 94,
      "n_pattern_positive_occurences": 0,
      "n_pattern_negative_occurrences": 94,
      "decision": "no",
      "alpha": 0.001,
      "value": -1.7763568394002505e-15,
      "coverage": 38.68312757201646,
      "coverage_q_in_p": 0.0,
      "coverage_not_q_in_p": 1.0,
      "precision": 100.0,
      "ratio": 0,
      "delta": -86.69056,
      "g-statistic": 480.17608634003113,
      "p-value": 0.0,
      "cramers_phi": 2.260145180659841
    },
    {
      "pattern": "node:O:own:PronType=Rel,node:V:parent:position=before",
      "n_pattern_occurences": 94,
      "n_pattern_positive_occurences": 0,
      "n_pattern_negative_occurrences": 94,
      "decision": "no",
      "alpha": 0.001,
      "value": -0.6629352224962299,
      "coverage": 38.68312757201646,
      "coverage_q_in_p": 0.0,
      "coverage_not_q_in_p": 1.0,
      "precision": 100.0,
      "ratio": 0,
      "delta": -86.69056,
      "g-statistic": 480.17608634003113,
      "p-value": 0.0,
      "cramers_phi": 2.260145180659841
    }
  ]
}